[
  {
    "accountNo": 123,
    "acctType": "Saving",
    "balance": 500,
    "minimumBalance": 1000
  },
  {
    "accountNo": 456,
    "acctType": "Saving",
    "balance": 60001,
    "minimumBalance": 1000
  },
  {
    "accountNo": 234,
    "acctType": "Current",
    "balance": 4000,
    "monthlyFee": 15
  },
  {
    "accountNo": 345,
    "acctType": "Current",
    "balance": 45000,
    "monthlyFee": 15
  },
  {
    "accountNo": 125,
    "acctType": "Current",
    "balance": 444,
    "monthlyFee": 15
  }
]
